Geo Point,UBIGEO
"-7.11798066546, -79.1609783769",61110
"-6.93048338399, -79.8157880727",140103
"-6.88074604367, -79.9042597548",140114
"-10.7564012939, -76.9866870323",150903
"-10.4864496507, -77.7421659301",150202
"-10.8096115426, -77.5623061372",150204
"-10.7852466114, -77.7256801903",150205
"-10.3099490535, -77.1597589323",20502
"-10.3013918881, -77.5855342168",20507
"-10.3609279446, -77.1047459518",20512
"-9.47135875601, -77.4847154667",20105
"-9.11603713332, -77.1129242201",20305
"-8.54891506345, -77.929033096",20901
"-15.5913243168, -71.6412266887",40506
"-15.7962503592, -72.1604833177",40507
"-15.4799475721, -71.7604455286",40510
"-15.2763158225, -72.8614598463",40801
"-15.2132677682, -72.7853030622",40810
"-16.5441753088, -71.4432130304",40115
"-16.193846032, -71.0971199",40119
"-16.2676895288, -72.0632250939",40120
"-16.4736420062, -71.5346798289",40122
"-16.596490256, -72.7366062121",40202
"-16.0782627213, -73.136117902",40203
"-16.4556299046, -72.8322579869",40204
"-16.2779873205, -73.0109214809",40206
"-15.3416747755, -74.5582430803",40302
"-13.5316820555, -71.9506764361",80108
"-16.4200501582, -71.4779818812",40112
"-16.8763346172, -72.1022326181",40704
"-12.7845330196, -74.0931800693",50410
"-13.3019398974, -73.2089779468",80911
"-13.0543891214, -73.3397647189",80912
"-13.5186387979, -73.7481770688",30601
"-5.19688581072, -79.4973311446",200301
"-5.36770193377, -80.0828694769",200404
"-5.47051242321, -80.3651408038",200105
"-5.08199084822, -80.6585271695",200101
"-4.94645251814, -79.6502829642",200206
"-4.92729884507, -79.9710172636",200202
"-4.82673352891, -80.8856464479",200603
"-4.78073989716, -79.8538700512",200204
"-4.69212944641, -80.2278380101",200111
"-4.68662618195, -79.606479703",200201
"-4.46136687818, -80.0627251906",200210
"-4.49884875871, -81.0435295353",200701
"-4.40301716545, -81.2024249231",200704
"-4.14781563063, -81.0089600105",200706
"-12.783518718, -74.1915595018",50412
"-9.20771972159, -76.0384950685",100608
"-12.4182303928, -72.9831244983",80902
"-11.0837038326, -72.81384006",250202
"-9.08225438424, -76.0014430405",100609
"-15.8221409632, -71.6958446113",40502
"-16.37562733, -71.3586143302",40106
"-16.5884396711, -71.7957995387",40108
"-17.1098490612, -69.7020166798",210502
"-16.9312611565, -69.4476951421",210405
"-16.3253834983, -68.8788268261",211302
"-16.3287179286, -69.5029258536",210401
"-15.3559802739, -70.4109031136",210701
"-15.3080956351, -69.9275348302",210607
"-15.2698483567, -70.0168514236",210210
"-15.9050030282, -70.0636770662",210101
"-15.7262883895, -70.067145784",210110
"-15.7802167477, -70.2631558049",210115
"-15.7047582248, -69.7004329027",210103
"-15.8533685267, -70.6224572272",211103
"-15.4916782872, -69.3420774972",210904
"-15.5693757772, -70.3900899747",210702
"-15.4599001974, -70.2154501546",211101
"-15.090043996, -70.0846096368",210203
"-15.1829175236, -70.8501051639",210705
"-14.8469681789, -69.6393112763",211004
"-14.9315548368, -70.6057581462",210801
"-14.6857660871, -69.9802696999",210208
"-14.6862784618, -70.487636518",210807
"-14.3101068923, -69.6312350981",211204
"-14.3567967254, -70.6705866666",210806
"-14.2919313914, -69.4369604809",211201
"-14.4672734928, -69.3561899176",211206
"-14.1740361519, -70.2268919052",210302
"-14.0319794975, -69.334418669",211209
"-13.741614339, -70.54126219",210308
"-8.13851485794, -77.7988539285",21509
"-8.56845666805, -78.1384429315",21510
"-8.61275749051, -77.3953187276",21603
"-9.36276526526, -76.8357109607",100510
"-9.19038194766, -76.1042733903",100601
"-9.54691885854, -76.4235137821",100311
"-9.51519574367, -76.6684109766",100504
"-9.3604322532, -75.7753868443",100602
"-9.13740978415, -76.7337554887",100502
"-10.1501387637, -76.1411773301",100201
"-10.2152133697, -76.3706018486",100202
"-9.00129838888, -74.8663900684",100904
"-10.9402818498, -75.075958845",120302
"-11.0250297722, -74.868765061",120303
"-10.8432802591, -75.2727668878",120304
"-11.0508092538, -76.918539985",150807
"-12.4725733092, -75.9551074955",151001
"-12.2887826329, -75.7039648602",151002
"-9.51815087197, -78.2231984269",20801
"-9.37298777075, -78.1427106762",20802
"-10.4747239314, -77.5688713743",21409
"-9.93755528447, -77.5409313971",21703
"-9.09348643822, -77.6664012208",22001
"-9.3161270449, -77.8327131911",22002
"-9.57632620886, -77.8216400863",20103
"-9.0112057149, -77.1695737325",20702
"-8.76195032769, -77.741144764",21210
"-8.82313856981, -77.3876641067",21302
"-8.90957089437, -77.2901406786",21305
"-8.34272664532, -78.0699624959",21502
"-9.32314031981, -77.2328958883",21001
"-9.65543196246, -77.2117245847",21004
"-9.30853980698, -76.9296321835",21005
"-9.18856287373, -76.8089206651",21006
"-9.42639030901, -77.0781525583",21007
"-10.3193726513, -77.4240816864",21406
"-8.30283665107, -77.9923662825",21504
"-8.26580345178, -77.9055317484",21506
"-8.70232582028, -77.343694411",21604
"-8.96100149899, -78.0764149157",21802
"-8.77654658859, -78.1219901663",21804
"-8.54029117878, -77.6154348851",21901
"-8.58781106314, -77.6532052907",21904
"-8.36287610009, -77.6459836403",21905
"-8.39597930037, -77.5097555254",21907
"-10.5216919084, -77.1089326193",150304
"-10.6123677011, -77.2208086332",150305
"-10.9216977531, -76.8554804127",150804
"-10.9627551559, -76.6712221569",150809
"-10.4551401018, -76.9438397487",150301
"-10.3644795714, -77.0233787817",150302
"-8.05161326993, -78.9959602748",130102
"-6.17421885061, -78.6000926195",60609
"-6.27910059715, -78.5787565626",60610
"-6.28736469896, -78.6967242093",60614
"-6.28459081573, -78.4481448872",60405
"-6.57449322322, -78.7275667131",60410
"-6.18419621775, -78.4781817795",60414
"-6.62755648183, -78.9419155826",61301
"-5.14040380526, -79.0078954652",60901
"-5.51736702366, -79.0550579899",60811
"-5.63393733123, -79.1333535491",60803
"-3.59957712452, -80.503013479",240102
"-4.04098754806, -80.8906845363",240203
"-3.46440143513, -80.3013899727",240301
"-6.77494718869, -78.1172774818",60301
"-6.38019911927, -78.8330008953",60601
"-6.1967862041, -79.0916372078",60607
"-6.69306775044, -78.479500115",60701
"-6.55998014391, -78.6427502538",60401
"-6.43986488593, -78.412792525",60403
"-6.47060852261, -78.6024505674",60408
"-6.69573161245, -78.7686888579",61306
"-11.9557456873, -76.794207352",150118
"-12.0975356033, -76.9952627269",150130
"-12.0765987497, -77.0900896423",150136
"-12.0235974515, -77.0325879052",150128
"-11.9874773349, -77.0460084365",150112
"-12.0990010539, -77.0367723891",150131
"-12.1440729975, -77.0208786599",150104
"-13.1545937678, -74.2002008928",50116
"-11.544540659, -76.1233240315",120805
"-9.89657095109, -76.2966972451",100101
"-9.68526092849, -76.2657293173",100104
"-10.0785251899, -76.4218222599",100108
"-9.94605445522, -76.5112461058",100112
"-9.64827737133, -76.6323299019",100307
"-10.1483614233, -75.896738334",100801
"-9.90056670741, -76.6321379723",101103
"-9.76588576879, -76.7077540255",101107
"-10.1875141175, -76.8658586337",101004
"-9.97837088591, -76.6275119727",101006
"-9.73716015095, -75.79755351",100802
"-9.79337577961, -76.3126551596",100109
"-9.79382586453, -76.7668629183",100322
"-9.86812743902, -76.0279003042",100804
"-10.1073697476, -76.7838631915",101002
"-9.9684919655, -76.7204463127",101005
"-9.33110709177, -76.3878776176",100507
"-9.44146126567, -76.8364898305",100508
"-9.50308383346, -76.8968995756",100509
"-9.37557251773, -76.6700220973",100511
"-8.95863902123, -76.8392997078",100401
"-8.71386504386, -74.6968413735",100903
"-10.9044673659, -75.6839640052",120504
"-9.64737877932, -74.9984863634",100905
"-7.78115897487, -75.3494034681",160601
"-7.87940345424, -74.9143173102",160603
"-6.92050640789, -76.4220117965",220703
"-13.7512825446, -72.3412863374",30502
"-13.6684591326, -73.6525014326",30607
"-13.6611570649, -73.546269545",30215
"-13.5781368228, -72.8719639032",30109
"-14.043833628, -71.9934865584",80702
"-14.3344205815, -71.8769133107",80703
"-14.5287982228, -71.0919648099",80505
"-14.0059389457, -71.0667868809",80602
"-14.0536365003, -71.6238983502",80205
"-14.6714813213, -74.6157225227",50609
"-15.2618235174, -73.218652534",50803
"-15.3207077009, -73.3579318395",50801
"-15.2820812589, -73.5976263967",50706
"-15.0230510294, -73.1185987604",50806
"-15.1277618502, -73.2505710629",50802
"-15.1058161737, -73.6999284588",50702
"-15.0058375731, -73.3631913846",50707
"-14.982725166, -73.8836655377",50605
"-13.9839754352, -74.2225631174",50303
"-11.1271424248, -76.6648444912",150608
"-12.6400707043, -76.0383578532",151003
"-12.2748032971, -76.0794978472",151017
"-12.9611396481, -75.6983349945",151020
"-12.3115474665, -76.0917403492",151024
"-12.6831748341, -76.1814440589",151029
"-12.0716645766, -77.1628314524",70105
"-13.3245339501, -76.0345542845",110201
"-11.9719549448, -75.1610884156",120114
"-11.8720884594, -77.086768675",150125
"-11.9927659685, -77.0885044371",150135
"-11.9290998645, -77.0389161298",150110
"-12.0879993406, -76.9258984551",150114
"-8.64149072746, -77.970095424",20907
"-10.6492560708, -77.4870296822",21405
"-7.37346557564, -79.0665716489",60503
"-9.83800190571, -77.63576165",20205
"-9.27210926848, -76.7766551605",21013
"-9.82273390495, -78.103600253",21103
"-9.89748090566, -77.7446252552",21104
"-9.02251944214, -77.7497741696",21201
"-9.70305259472, -77.6154230842",20204
"-9.2201283971, -76.9986208564",20302
"-9.02773894387, -77.072042277",20303
"-9.29359658533, -77.6396360316",20601
"-9.29019361037, -77.7292992043",20605
"-9.30371350331, -77.4955382355",20606
"-9.35601871006, -77.5741962845",20607
"-9.57041621812, -77.471536956",20101
"-9.73105653809, -77.8193329843",20104
"-9.48122860614, -77.7946168834",20110
"-9.39260674282, -77.4820277823",20112
"-11.8818464002, -75.357433866",120210
"-11.8699305656, -75.3068454762",120215
"-11.8800486006, -75.5334254765",120423
"-11.680674107, -75.272520699",120403
"-11.8350452836, -75.4593641269",120421
"-11.8178318325, -75.3915705648",120407
"-11.7896290501, -75.40409053",120408
"-11.7954643315, -75.4470942562",120404
"-11.8348413676, -75.6250488417",120414
"-11.7643839294, -75.4667395988",120410
"-11.7542554677, -75.4288855127",120412
"-11.6831698128, -75.5284508382",120422
"-11.6788479625, -75.4713469129",120433
"-11.7068211895, -75.5947375023",120432
"-11.7171368295, -75.9653315533",120803
"-11.605270271, -75.8566873536",120801
"-11.5256485847, -75.6169726433",120703
"-11.4137620927, -74.8418596426",120605
"-11.4295625743, -75.528417328",120709
"-11.3174655957, -74.6514739918",120602
"-11.4048868369, -76.257699559",120804
"-11.1888134726, -76.0119235956",120501
"-13.0330917648, -76.3696196438",150507
"-12.5498910213, -76.6462013441",150515
"-11.6397024029, -76.3830419094",150704
"-11.6644988302, -76.2437979189",150705
"-11.6968548593, -76.5957975336",150707
"-12.1600011814, -76.8098704964",150123
"-12.2692451361, -76.7437450079",150126
"-14.9711188456, -74.2079395643",50617
"-14.6763019328, -74.0162820452",50601
"-14.4274631659, -74.8471654957",50612
"-14.4771648414, -73.757417971",50606
"-14.2208734562, -73.9256091782",50620
"-14.1944628059, -74.153949635",50602
"-14.2095609455, -73.6909929932",50911
"-14.0758176762, -73.9378098713",51004
"-14.0649574235, -74.0068565926",51003
"-13.8262851305, -74.5329247416",50304
"-13.8780299062, -73.979199011",51010
"-13.749075884, -74.1698708846",51009
"-13.7148596582, -74.0379326237",51007
"-13.7686710187, -71.9371297742",81007
"-13.870942013, -71.8670100228",81004
"-14.4916049806, -71.4777304394",80502
"-14.3656903447, -71.4895062723",80507
"-14.2510170043, -71.1036090237",80601
"-14.0881433038, -71.3341537601",80603
"-14.3736330143, -71.0956311777",80604
"-13.8887914957, -71.1581667814",80605
"-13.6449847293, -71.7678278048",81208
"-13.805612474, -71.5331691848",81212
"-14.166052711, -71.3328229541",80607
"-14.9073568544, -71.0911155123",80805
"-13.6712295372, -75.1838166957",90615
"-14.8016711742, -75.3343961551",110302
"-14.6777459579, -75.0071063831",110303
"-14.9284661611, -74.8280058435",110305
"-14.4897353571, -75.1315755777",110401
"-14.5946607234, -75.1587275205",110402
"-14.0740320502, -75.6406122642",110103
"-14.4841072733, -75.7807516794",110104
"-13.9735463844, -75.7331355473",110110
"-13.5476380081, -73.5963016403",30608
"-13.5115461168, -73.2794061646",30219
"-13.3195062508, -73.7312117723",30604
"-13.261456802, -74.2844271146",50112
"-13.463581388, -72.6231610075",80307
"-13.4093831125, -72.0387779392",81302
"-13.0860066882, -72.0260323587",80404
"-12.9375608852, -72.6438218422",80904
"-13.2443822665, -72.7329813353",80908
"-13.2364727158, -72.3164185055",81306
"-13.2942401693, -72.0732270211",81307
"-13.5561668634, -74.5011849185",50206
"-13.3926172606, -73.9003226615",50106
"-13.3757477057, -74.1586261324",50105
"-13.1959253274, -74.2120367011",50110
"-13.1279427823, -74.0556085057",50103
"-13.0360649762, -73.9426500306",50501
"-13.2040877849, -74.2355889241",50104
"-13.3891385849, -71.8083459144",80405
"-13.4602192042, -71.8838297169",80407
"-13.3424479777, -75.6110544412",90404
"-13.143553988, -74.4709915745",90311
"-13.0808402896, -74.5415166625",90312
"-13.0458930575, -74.9570050709",90106
"-12.8940305271, -75.5296557323",90405
"-12.9818036757, -74.5404762488",90306
"-12.8233134978, -74.5663956912",90201
"-12.8744258763, -74.3977836004",90205
"-12.5995765115, -74.8235281193",90103
"-12.6087651784, -75.1604993112",90110
"-12.5179571651, -75.039817795",90104
"-12.5330274197, -75.2688789821",90116
"-12.4599030284, -75.0558017667",90105
"-12.3963805438, -74.9392688319",90703
"-12.3453389527, -74.8336572807",90706
"-12.2621008551, -74.908894256",90709
"-12.0792398208, -74.9488761403",90716
"-12.5705116393, -74.6452413725",90511
"-12.7949007454, -74.3297789432",90505
"-12.505340554, -74.4604841211",90510
"-12.4522617962, -74.5699469992",90503
"-12.3851305072, -74.7004625468",90705
"-13.3821947316, -75.9390041933",110202
"-13.1202625295, -75.9426672281",110203
"-13.4966751429, -76.1508533735",110204
"-13.5121981957, -75.9153825662",110205
"-12.1138593519, -75.1397434247",120133
"-12.1948350154, -75.2844327867",120903
"-12.0056080019, -75.4364796645",120204
"-11.9521803199, -74.8769777367",120124
"-11.9420680168, -75.5131170483",120431
"-12.0018817591, -75.364486184",120208
"-11.9890120708, -75.2344782832",120129
"-11.9506179434, -75.2468843658",120132
"-11.9753309661, -75.3282264873",120213
"-12.4104203613, -75.2571328248",120105
"-12.3554296833, -75.2025810774",120104
"-12.2907534971, -75.2933797622",120106
"-12.0819994273, -75.3515546078",120902
"-12.1234933139, -75.4510172516",120907
"-2.80433167812, -71.0132092002",160804
"-1.55813080211, -73.865997263",160802
"-5.61431277899, -78.1747793764",10702
"-6.65901990083, -77.8595316616",10517
"-6.54747074451, -77.4200108986",10602
"-6.49865853395, -77.4136453278",10608
"-6.38686537469, -77.9435254594",10522
"-6.35441720956, -77.8225667852",10119
"-6.38622244082, -77.6654494122",10603
"-6.23223587658, -77.7335752485",10118
"-6.17779804066, -78.3344798942",10502
"-6.20742904986, -78.0123971033",10508
"-6.17183769053, -77.981194173",10509
"-10.9519752823, -76.4254456966",190104
"-10.7605473712, -76.248390568",190111
"-10.7265230519, -76.4167994352",190109
"-10.5537099545, -76.0338349435",190110
"-10.4517724323, -76.1541120859",190103
"-10.416197884, -76.5359209038",190205
"-8.52564280796, -76.2125363105",221002
"-8.0156539505, -76.7989804789",221003
"-7.31517248842, -76.6354709767",220605
"-7.24481666265, -76.7680044827",220601
"-7.18416758424, -76.341377986",220203
"-7.08954699921, -76.7628091542",220405
"-6.93949231475, -76.4868452871",220707
"-7.05176863055, -76.0945592856",220708
"-6.97034379704, -76.2121145276",220709
"-6.96450203763, -76.3315754019",220701
"-7.4094388201, -78.1173081087",61002
"-7.18959858595, -78.4118423526",60107
"-7.09012326878, -78.4559730242",60108
"-7.2247260288, -78.6223855657",60109
"-13.9158770523, -73.2454539464",30409
"-14.0078060221, -73.0867755793",30404
"-13.9769337436, -73.2582588565",30405
"-14.5889200264, -73.2951750482",30406
"-14.2771699823, -72.2305867589",30504
"-14.2120169023, -72.5667955546",30705
"-14.1707512154, -73.284007039",30413
"-14.1714371666, -72.3104131334",30506
"-14.1056199516, -73.1179367355",30414
"-14.0451412755, -72.1153708663",30505
"-14.1304393041, -73.1978175752",30408
"-13.8798450624, -73.6155651628",30203
"-13.918969775, -72.3952604984",30503
"-13.8040203969, -72.7881337059",30106
"-13.7905942924, -73.4722045934",30218
"-13.7894812733, -73.6575828835",30212
"-7.18436416536, -78.284075807",60111
"-7.27390940981, -78.4819788238",60112
"-7.6314506476, -78.0321466487",60201
"-6.88132432414, -78.0576104037",60311
"-7.0774878173, -78.9223645406",61101
"-6.91373777553, -78.9531135022",61103
"-6.93143522302, -78.7252698746",61111
"-7.17498114303, -78.7856570441",61202
"-8.1393501322, -79.0458228276",130111
"-7.26463580741, -77.7339112042",130301
"-7.94554980835, -78.4640045582",130602
"-7.90847406057, -78.6849842169",130606
"-7.62998054084, -78.5765820035",131102
"-8.14569650042, -78.0326567997",131002
"-8.0262818098, -77.8004602268",131008
"-6.11248856412, -78.1167910998",10510
"-6.00841344466, -77.6709843294",10116
"-5.93922111946, -77.7753586409",10308
"-5.89484726771, -77.7257950125",10302
"-5.58091273601, -78.5209827359",10201
"-4.9913404276, -78.3895873417",10205
"-3.81344973198, -77.8881145415",10403
"-5.36637331851, -74.1269200093",160503
"-4.79793879034, -73.4051006497",160507
"-6.39059764497, -75.1859081907",160605
"-5.02111581662, -77.1108142459",160701
"-6.70534564878, -76.5992185162",220304
"-6.73971460262, -76.3970297864",220702
"-6.68366694527, -76.2601213302",220902
"-6.72417364417, -76.7056692065",220302
"-6.55012078051, -76.5306833964",220511
"-6.52384560405, -76.6990621772",220305
"-6.6156535102, -76.4683664175",220505
"-6.61796728524, -75.9894908245",220904
"-6.60186149919, -76.9631153084",220402
"-6.46781171215, -76.4384114549",220903
"-6.63863333492, -75.7136255556",220907
"-6.19532658461, -76.3342373769",220504
"-6.30627544181, -76.0487086335",220503
"-6.24499797609, -75.8647660843",220906
"-6.17529926485, -77.161718615",220808
"-6.17353651737, -76.9218024619",220104
"-6.01453946653, -77.0957553964",220102
"-5.85896776826, -77.2748920029",220807
"-6.03999056091, -79.1236585791",60808
"-6.11675209887, -78.5588565763",60604
"-12.0932826824, -76.3918799526",150710
"-11.9378192413, -76.6229148097",150714
"-11.8405937705, -76.5304316715",150723
"-12.2191484953, -76.2627067143",150726
"-12.031918149, -76.199604829",150729
"-12.2613195891, -76.5362049234",150731
"-12.74278402, -75.8820025816",151008
"-12.9223864219, -75.9240578357",151009
"-12.9415582986, -75.821849626",151015
"-12.8109440553, -75.6306915404",151019
"-12.6665124898, -75.9227621959",151023
"-11.4753065958, -76.5822973244",150401
"-12.487066049, -76.4546171525",150503
"-12.9659036472, -76.4647131909",150504
"-12.6587176209, -76.406722529",150506
"-12.9604959457, -76.2585762873",150510
"-12.6131660134, -76.6741821247",150513
"-13.0519940414, -76.4237180392",150514
"-11.2774971786, -76.5951710371",150602
"-11.5177450119, -77.0499502376",150604
"-6.6828598723, -78.8494399313",61311
"-5.42773454301, -78.6008461888",60812
"-6.78283683141, -79.8258256326",140101
"-6.62686237846, -79.4645633568",140102
"-6.77963847331, -79.2768493053",140110
"-6.77373246232, -79.6944505306",140120
"-6.48622839273, -79.6347601523",140205
"-6.33418180344, -79.8082833519",140304
"-6.16904653707, -79.7078755167",140307
"-6.04759907501, -80.0715657814",140308
"-6.46959437833, -79.8533669474",140303
"-6.43408352031, -79.8799227169",140309
"-6.15088730377, -79.5379484503",140310
"-4.53705144763, -80.7849327198",200605
"-4.83553478729, -81.0067648824",200502
"-5.45775132257, -80.7020029329",200803
"-5.44129407397, -80.6113698397",200108
"-5.31206763234, -79.6258326484",200302
"-5.39791477638, -79.4602337788",200308
"-5.35759047326, -80.5860497939",200107
"-5.40352153514, -79.3624111179",200307
"-5.33287313169, -80.8679975416",200110
"-13.8043260135, -76.1067640416",110506
"-13.6421160517, -76.143986748",110507
"-13.7261716663, -76.1103351883",110508
"-18.1129713482, -70.1686203468",230101
"-17.9542171908, -70.1462231258",230103
"-17.6042296966, -70.7330559166",230301
"-16.5758064714, -71.0460888167",180203
"-16.8259850314, -71.2938706203",180205
"-16.3035765087, -70.6272478006",180206
"-16.6282949232, -71.1572683382",180208
"-16.7042052871, -70.8798240106",180209
"-17.7848033844, -70.0235939629",230106
"-17.6569374946, -69.7640307241",230107
"-18.0077242115, -70.0741386827",230108
"-17.165068685, -70.4327437104",230203
"-17.5018815327, -69.9580478867",230407
"-17.8578365426, -70.1903379896",230104
"-8.07476764711, -78.4619619835",130501
"-7.92475331239, -79.2177400201",130207
"-7.80063520377, -78.3616459122",130614
"-7.2881373395, -79.487884406",130702
"-8.801723956, -78.6497468049",131203
"-7.82233354626, -77.7980907435",130902
"-7.84774121564, -77.9534956797",130904
"-7.79264708165, -78.1756389128",130906
"-9.82975945475, -72.6985747382",250204
"-7.2220739621, -78.1612444842",61004
"-7.35601693684, -78.0209710547",61006
"-7.3382329129, -78.5271861115",60102
"-7.56770186683, -78.2533285254",60202
"-7.5301245515, -78.0911377252",60203
"-7.4743924998, -77.9063269576",60204
"-11.8333174196, -75.9781833361",120809
"-11.7808253418, -75.422018756",120416
"-15.4042082082, -73.1726464682",40809
"-15.4491015617, -74.3981647291",40310
"-4.91945260954, -80.330951856",200114
"-16.2828061505, -69.0901932276",211301
"-16.1979688312, -68.9715154792",211306
"-16.2873250105, -69.9084522632",210102
"-14.6793411324, -71.3437551617",80806
"-15.0011514976, -71.658226869",80807
"-12.9122955128, -74.0230995984",50508
"-12.6711995573, -74.2420109347",50406
"-12.7284683251, -73.8908908883",50503
"-12.3406200401, -74.1021148061",50409
"-13.5369810301, -71.3439938855",81204
"-13.3423089239, -70.7489180717",81203
"-12.1507253061, -74.6523758733",90717
"-13.465418413, -75.2376821942",90610
"-13.274170564, -75.3630878906",90406
"-14.0986837754, -72.4470150609",30708
"-4.62833596881, -75.9760563682",160206
"-5.65827722338, -75.7490051696",160210
"-4.44271761017, -74.1142036928",160301
"-2.94373100402, -75.264851828",160303
"-17.4994092708, -70.2145383731",230402
"-7.07965485283, -79.4476295332",130402
"-9.14149277601, -78.3031918642",21806
"-9.27947030479, -78.4424530351",21807
"-8.06341096145, -79.0559436318",130105
"-13.7166324857, -73.2740550895",30213
"-13.7683778251, -73.3879123994",30201
"-13.5731045935, -71.9785576552",80106
"-9.50589951487, -78.0203063568",20804
"-11.6963534657, -74.8571869465",120203
"-11.6626625244, -75.5675652991",120402
"-12.9767443442, -69.938844847",170102
"-13.0031462504, -70.6520775912",170204
"-12.3620032641, -71.5183667856",170201
"-12.6295418097, -70.675352468",170203
"-12.4087115867, -76.7673087796",150138
"-12.7967282892, -76.5112380802",150502
"-13.8133867212, -75.2149406233",90613
"-15.7900972423, -71.4553234369",40519
"-15.9126432892, -72.6005994779",40605
"-5.0531475423, -79.9106807866",200409
"-10.4140280869, -74.6367329439",190306
"-9.82583819324, -74.7846259195",190308
"-8.14262756027, -77.9420484787",131005
"-12.3693818905, -76.7241442608",150129
"-11.2716606505, -77.4927678336",150801
"-11.0879808502, -77.6200225143",150803
"-11.1161350227, -77.4732727898",150810
"-11.5556346957, -76.6115961025",150405
"-8.20580726939, -77.0924642893",130807
"-7.73245254081, -77.5895450001",130809
"-5.95246281961, -78.2349579517",10705
"-15.5673608454, -73.7303800159",40312
"-15.6409572109, -72.2850889018",40403
"-15.1821384744, -72.1161918751",40404
"-15.3506205276, -72.385275545",40405
"-11.4938966265, -74.2411399634",120604
"-7.36430408343, -78.9176893007",60504
"-7.15904792997, -78.873085214",61203
"-7.01442466301, -79.6713009573",140107
"-6.86573035676, -79.8574845687",140108
"-6.8887009402, -79.5066821013",140116
"-10.714926002, -77.6826923059",150201
"-11.0035904276, -77.4452240991",150806
"-10.8835561728, -77.1279202264",150904
"-9.0818305656, -77.0073445799",20301
"-9.14324185258, -77.9570270578",21206
"-10.1904460315, -77.3424818316",20505
"-10.3344551606, -77.1909793789",20506
"-10.2324768894, -77.2080341693",20515
"-9.10010562776, -78.43615622",21809
"-15.701962903, -73.0291096848",40608
"-15.6011306598, -72.4717592378",40408
"-15.1160984551, -72.248495822",40409
"-15.6707755111, -72.6190589785",40410
"-16.261591273, -72.5255726457",40413
"-15.9676228603, -72.0184453813",40511
"-15.7313112059, -71.7972744667",40512
"-15.5413400202, -71.8574427537",40513
"-17.1600366598, -71.5507232188",40706
"-15.2898097695, -73.0704265629",40807
"-15.4047623396, -73.0161232476",40811
"-16.489312119, -71.9878011172",40125
"-16.6309140479, -72.712879592",40201
"-16.4794005426, -72.6340938124",40205
"-16.2526821559, -71.4569476457",40103
"-16.4988870871, -71.3321758579",40113
"-15.3754193589, -74.761575882",40305
"-16.4066583008, -71.5384599628",40101
"-16.4314916205, -71.5234728719",40129
"-16.3564682595, -71.4712785484",40110
"-16.4211688162, -71.5762454264",40117
"-16.3753846595, -71.4628775811",40109
"-12.9564943085, -73.7127241806",50510
"-12.3394762243, -74.3830529603",50411
"-12.2985421141, -74.632737396",90720
"-13.6388531112, -72.618119497",30104
"-13.5061170441, -73.519602034",30605
"-13.5360409241, -73.1296954785",30208
"-5.06634599831, -79.7928096834",200403
"-4.93063187194, -81.070948164",200504
"-4.83748470194, -80.9626269064",200506
"-4.63696247634, -80.0053225078",200207
"-4.63834892157, -79.8466698559",200205
"-4.70385183458, -81.1081841876",200703
"-4.41997300876, -80.5027420299",200604
"-4.19472499401, -81.0642458366",200705
"-4.88971907622, -80.6742778523",200602
"-18.200022024, -70.439070857",230111
"-13.3977055072, -73.5550431331",30610
"-13.4555818751, -73.6173530838",30609
"-9.70773582739, -75.9384503146",100113
"-8.78967676119, -76.5085787007",100705
"-6.23089865274, -78.5697005396",60605
"-10.9651985476, -70.6499133676",170301
"-13.390153205, -73.7913938414",30611
"-15.4062287245, -70.126418743",211105
"-16.8574696329, -71.8789015674",40701
"-16.9288442787, -71.5994381456",40702
"-16.4577417634, -71.3828596752",40105
"-16.8357920768, -69.8551974581",210504
"-16.6041509892, -69.3988758198",210403
"-16.5526539674, -69.6334709914",210505
"-16.4945984479, -69.1779468898",210407
"-15.8909246186, -69.8785815126",210106
"-15.3110583268, -70.2364695987",210703
"-15.2406972187, -70.177700049",210202
"-15.3028251054, -70.0943279157",210205
"-14.5743396861, -70.812019055",210808
"-15.8807948715, -70.4086170309",210109
"-15.6014592828, -70.7845536722",210709
"-15.6216182916, -69.9977989401",210108
"-15.4675470466, -70.704755779",210707
"-15.4409193841, -69.9896661145",210605
"-15.1380059271, -69.6095026766",210608
"-15.1062775949, -69.9519675384",210206
"-15.0834053039, -70.2503520108",210214
"-15.0794683273, -70.4505278241",210708
"-15.0007969979, -70.1261890851",210213
"-14.8785770145, -70.7489853412",210809
"-14.8900964628, -70.894259258",210803
"-14.4164363286, -70.0921890471",210209
"-14.3546463527, -70.3841406313",210802
"-14.3363833156, -69.9289143537",210306
"-14.1407754622, -69.9383078577",210310
"-15.4268291382, -71.9360122562",40516
"-8.26344854159, -78.0048510025",21508
"-8.44606921561, -78.0555682742",21511
"-8.79036938394, -77.506526265",21601
"-9.21658783702, -76.6443863877",100505
"-8.60481772776, -77.1730563708",100701
"-8.76878638235, -77.1480333293",100703
"-11.1276234934, -75.625730678",120704
"-11.0327769775, -75.3564454947",120301
"-9.21843039554, -77.0417404197",20306
"-9.20558144115, -77.3975983531",20401
"-9.0972086181, -77.4057477414",20402
"-9.09716346082, -77.2909615375",20701
"-10.4401570339, -77.3586725964",21410
"-10.1080370429, -77.5874870379",21705
"-10.0940830462, -77.3732343815",21707
"-9.17748905047, -77.7589653745",22004
"-9.31686585435, -77.9490314419",22005
"-9.16010158857, -77.696672033",22006
"-9.34444504167, -77.7894985426",22007
"-8.78792491524, -77.917483655",21202
"-9.03006908047, -77.8765824905",21203
"-8.95802825536, -77.8909653575",21205
"-9.00766532178, -77.2564353652",20703
"-8.90867113616, -77.7225718533",21208
"-8.84639792088, -77.9524953582",21209
"-8.88606625771, -77.2203437719",21303
"-8.96748087862, -77.4563733684",21306
"-8.9251518982, -77.4451790178",21307
"-9.34392930975, -77.4330014266",20608
"-9.15442304448, -77.5647185946",20609
"-9.25893942466, -77.6617969165",20610
"-9.40408339387, -77.6309279603",20611
"-9.2525110462, -76.9046714136",21002
"-10.3806157817, -77.3644246601",21401
"-10.5183039104, -77.3394575181",21402
"-8.25811106235, -77.730644417",21503
"-8.33456846525, -77.9455976995",21505
"-8.51561783077, -78.0302880083",21507
"-8.99221168172, -78.6092543544",21808
"-8.30020855434, -77.5607496401",21902
"-8.51213439454, -77.5300543845",21906
"-8.4547968178, -77.6960311883",21908
"-8.67163720616, -77.6204767713",21909
"-8.63053217839, -77.5292840102",21910
"-10.7823114482, -77.2677578441",150802
"-10.6216407015, -76.9919108709",150303
"-6.95042145952, -79.8469587491",140104
"-6.11808214887, -78.677110912",60613
"-6.57058099467, -78.1870583055",60302
"-6.3379655014, -78.5758046282",60402
"-6.48302789809, -78.852258717",60407
"-6.80427802477, -78.7338456811",61104
"-6.66400913929, -78.8097223663",61302
"-5.09655267717, -78.7152958853",60903
"-4.9160655277, -78.8318716783",60906
"-5.62569047241, -79.3124293881",60809
"-5.87540999205, -79.1950256453",60807
"-5.90106080464, -78.9794548085",60804
"-5.92462140992, -78.7734447675",60603
"-3.67174512185, -80.566401069",240103
"-3.85174908373, -80.3563580213",240104
"-3.65859091179, -80.3629188787",240106
"-4.03383469299, -80.6592750152",240202
"-3.76762693916, -80.2285396051",240303
"-6.10633982742, -78.8414459472",60611
"-6.37006436027, -78.369042241",60406
"-6.53901769924, -79.1729058718",60411
"-6.35782734707, -79.302636843",60412
"-6.53392707869, -78.3980786556",60413
"-6.35221588311, -79.0929447328",60415
"-6.48436432649, -79.2455186799",60416
"-6.62091657124, -78.8593791755",61305
"-12.0510554271, -77.0490377322",150101
"-12.1207933935, -77.029088411",150122
"-12.094578172, -77.0670147948",150120
"-12.0741048546, -76.9972984501",150134
"-12.0432355795, -76.9632530075",150137
"-12.113401365, -77.0129895952",150141
"-12.0591441086, -77.0506366491",150105
"-11.8048866225, -77.1633216574",150139
"-9.95024018022, -76.1882250577",100102
"-9.95581951073, -76.4401437409",100110
"-9.86924038882, -76.4208060586",100106
"-9.69197519133, -76.8307409015",100313
"-10.2989322934, -76.6375886988",101007
"-9.7146604233, -76.7315347228",100323
"-10.0632365433, -76.533190075",100105
"-10.0486841217, -76.2095943187",100204
"-10.3323901146, -76.2873313638",100206
"-10.0648743569, -76.179146461",100208
"-9.90789170784, -76.794695203",100301
"-9.99639121016, -76.0580774597",100803
"-9.80806957777, -76.551288",101101
"-9.44963078606, -76.8710373798",100506
"-9.63436383712, -75.466538627",100902
"-8.8474179221, -77.1077572219",100402
"-9.09757428466, -76.6263911934",100403
"-8.65813363523, -76.7410476515",100702
"-7.04088986964, -75.2998309838",160602
"-13.5981914718, -73.3092908354",30209
"-14.2377216725, -72.0146323972",80704
"-14.4623482549, -72.2364913159",80706
"-14.377230649, -72.20523904",80707
"-14.5523439571, -71.2911718037",80503
"-14.3853401139, -71.297401955",80504
"-14.1510113576, -71.5270523507",80508
"-14.0470703961, -71.5064659199",80202
"-14.1006161453, -71.4789411182",80204
"-14.6507969563, -72.2087068926",80701
"-15.2600285673, -73.4594917988",50810
"-15.2235445028, -73.1961324499",50809
"-15.2057222973, -73.4523132494",50807
"-15.0482095663, -73.294388259",50808
"-15.0917259549, -73.3791588848",50805
"-13.983270638, -73.7177638451",50909
"-11.2473324616, -76.8638324598",150607
"-11.2929704853, -76.7675034402",150609
"-11.1470187688, -76.565521864",150610
"-13.0090798952, -75.8255631793",151005
"-12.3558660955, -75.8816401211",151007
"-12.3542954885, -76.1905988691",151013
"-12.0903650262, -75.8348001802",151014
"-12.5130680574, -75.7040784211",151016
"-12.3844900747, -75.6761913065",151018
"-12.2346418584, -75.8892158711",151021
"-12.4763030587, -76.2507971969",151022
"-12.350638163, -76.2843173931",151025
"-12.4929832418, -76.1860933548",151027
"-12.1695386885, -75.8574205408",151033
"-11.8791549153, -77.1308743343",70106
"-13.5332168199, -71.9257622562",80105
"-12.0428211724, -77.0904943627",70103
"-12.0165350529, -77.1216292343",70101
"-12.0599997107, -77.1099461813",70102
"-13.4268898548, -76.1628427518",110210
"-13.2584552805, -76.0888847039",110207
"-12.1578203594, -76.9665238387",150133
"-12.1272261836, -76.9845188056",150140
"-12.2191748891, -76.9454413141",150142
"-12.0401247629, -76.9875419285",150111
"-11.9725186497, -77.0743776898",150117
"-8.60481091012, -78.0468558962",20903
"-8.52329393141, -77.788932889",20904
"-8.67811811655, -77.8929930522",20905
"-8.62509127261, -77.8471517063",20906
"-7.14250504659, -78.6540285153",60103
"-7.45302907943, -78.5168652403",60104
"-9.46782596002, -77.236165398",21008
"-9.33162017893, -77.0925373699",21009
"-9.35563066576, -77.0627108313",21012
"-9.62815176877, -77.0918966411",21014
"-9.98584840704, -77.6922724761",21102
"-9.14870738569, -77.8187221299",21207
"-9.13932843531, -77.0074396115",20304
"-9.96578785047, -77.1309659823",20504
"-9.9171830208, -76.9438141392",20508
"-9.29003360601, -77.6100098164",20602
"-9.6367724866, -77.7178843311",20107
"-9.80759299596, -77.7961470719",20202
"-9.78608420493, -77.6787442097",20203
"-12.0709235313, -75.2860683614",120901
"-12.0355891727, -75.3426526418",120904
"-11.8456037368, -75.2486676757",120127
"-11.8206164063, -75.5406016524",120425
"-11.9149666048, -75.8000061399",120405
"-11.7656306034, -75.6187190606",120411
"-11.7749638823, -75.3646619659",120417
"-11.7684415021, -75.6691602404",120406
"-11.7246231849, -75.8212406971",120802
"-11.7096217454, -76.0981386542",120810
"-11.5576036474, -75.9864540803",120808
"-11.4555534773, -75.758776679",120701
"-11.4401201002, -75.9922732878",120806
"-11.3609886074, -75.8226319944",120705
"-11.3491345086, -75.6568310225",120702
"-11.3171399905, -75.5051625897",120706
"-11.1795996637, -74.611853339",120601
"-11.1031720179, -74.6909678113",120607
"-11.2650184159, -75.2366029511",120306
"-11.1568008228, -75.4050893627",120305
"-11.0914165725, -76.1819948036",120503
"-12.8695687545, -76.3452769096",150512
"-11.3870831352, -77.1711049835",150601
"-11.501130715, -77.2918328739",150605
"-11.3943983984, -76.8554252626",150611
"-12.0615574025, -76.589121791",150702
"-11.8137060577, -76.5753035274",150703
"-12.0694576324, -76.2725738345",150709
"-11.8074226462, -76.9729546072",150106
"-12.4662357218, -76.7759877776",150124
"-12.3036242455, -76.7094313776",150127
"-13.9615496205, -73.9945561312",51005
"-14.9519808848, -73.3630283386",50704
"-14.9558839082, -74.3744848785",50614
"-14.7917832364, -74.254357644",50615
"-14.6539917726, -74.1864031541",50616
"-14.4921394958, -74.6602107444",50613
"-14.2497892187, -74.9405470271",50610
"-14.2835028608, -73.5895828157",50908
"-14.2141283396, -73.8646680262",50905
"-14.1547591268, -73.8344594533",50906
"-13.9948166143, -73.804827865",50901
"-14.0125910434, -73.6665905779",50907
"-13.8912379676, -73.7217603566",50904
"-13.8756565848, -73.8584707804",51106
"-13.7928460499, -73.9886787459",51006
"-13.6902848666, -74.4098400632",51011
"-13.9748258577, -71.7691440842",81008
"-13.6509176458, -71.9125903925",81009
"-13.9884937172, -71.8626466711",81002
"-14.2737793738, -71.4420438333",80501
"-13.8859747611, -71.4379171502",81206
"-14.1517620704, -71.087604398",80606
"-14.1587409775, -71.3922980184",80608
"-15.0878973485, -71.1389930982",80804
"-13.9735591222, -75.2344348193",90612
"-14.0232933757, -75.0348077061",90606
"-13.882865539, -74.8827239923",90608
"-13.7145860636, -75.3682604817",90602
"-14.3457037371, -75.1475705597",110403
"-13.7018097277, -76.1917790605",110501
"-14.4711962407, -75.2576989782",110404
"-14.1604108084, -75.6516622533",110105
"-13.3042985317, -74.0209562776",50102
"-13.1902248005, -74.142170345",50113
"-13.0747163693, -74.364178507",50111
"-13.3696552996, -72.2767056791",80305
"-13.4879086703, -72.1599767397",80301
"-13.3220609245, -71.8810882399",80403
"-13.3370025499, -72.1621854947",81305
"-13.5573960092, -71.8674559007",80104
"-13.1392818148, -71.7693107288",81103
"-12.3681386005, -73.8103484583",80910
"-12.8768105494, -72.7433729532",80901
"-11.7511334034, -72.858915351",80914
"-13.0509532201, -72.4732855991",80903
"-12.916321271, -72.362044284",80905
"-13.0535423557, -73.0511947147",80909
"-13.2014713868, -72.5001589221",81304
"-13.0450546371, -71.4635166227",81106
"-13.2449435867, -72.1312676042",81301
"-13.4616253687, -72.3222296759",80302
"-13.4635010934, -72.0553873294",80303
"-13.3062983049, -74.4564372217",50114
"-13.3463272252, -73.3926094654",50511
"-13.1686100137, -73.8660393351",50504
"-13.134562378, -74.2520881574",50101
"-13.1218897938, -74.2085638793",50115
"-13.1251121764, -74.3264205788",50109
"-13.0647122283, -73.6433485363",50502
"-12.9926547187, -74.1589467033",50403
"-12.983082879, -74.2182349367",50404
"-13.4030346434, -71.654226929",81104
"-13.4882146459, -71.7742028753",80406
"-13.6876748514, -71.2689613221",81210
"-13.5740903513, -71.7886511967",81211
"-13.4180643638, -75.409743609",90413
"-13.291887538, -75.4319934317",90409
"-13.1104847726, -75.511148576",90402
"-13.1265594929, -75.6213614214",90412
"-12.9566718213, -75.4427953379",90403
"-13.0881631737, -75.1311804883",90411
"-13.1037323336, -74.7375465522",90301
"-12.935057365, -74.8051840049",90304
"-12.8873240277, -74.7060385923",90302
"-12.8728792329, -74.4734204925",90204
"-12.9647997631, -74.6264649322",90307
"-12.9847678686, -74.3431904481",90305
"-12.8172812598, -74.6638479232",90203
"-12.3291868348, -75.0911053715",90710
"-12.2497805205, -74.7672026348",90713
"-12.1949066312, -74.7832200387",90714
"-12.1065071564, -74.7514406559",90715
"-12.7104979424, -74.3848767648",90501
"-12.4678263166, -74.7273932827",90719
"-12.6435331618, -74.5630534706",90502
"-13.5551913516, -75.6159107063",110502
"-12.1105172146, -75.204098057",120119
"-11.9933232138, -75.0712799669",120101
"-11.91246164, -75.3135151628",120201
"-11.8537364374, -75.2229562717",120122
"-11.8898986971, -75.3146271739",120212
"-12.019057661, -75.2875089972",120134
"-11.9679755353, -75.2441203769",120117
"-11.9553365487, -75.397079679",120202
"-12.3712238114, -75.2860890211",120120
"-12.4856577947, -75.4372524394",120108
"-12.2517931022, -75.1547028589",120113
"-12.1866998598, -75.2093509224",120116
"-12.2098289461, -75.2411322773",120111
"-9.02758249842, -78.6184519092",21803
"-5.91672489962, -78.6077074477",10703
"-4.84542432042, -77.9303731793",10401
"-6.80772633582, -77.9491658524",10103
"-6.80889724453, -77.7987070278",10110
"-6.57890315088, -77.7700023078",10113
"-6.62810622185, -77.7183779094",10115
"-6.55307936263, -77.5760311618",10605
"-6.43557136262, -77.5305643458",10604
"-6.42056600716, -77.8238173597",10112
"-6.40730433007, -78.0048091035",10507
"-6.37280613919, -77.4389577729",10601
"-6.49135071133, -77.4671568143",10611
"-6.31003152114, -78.0106389441",10504
"-6.30757148488, -78.2918478772",10515
"-6.30911425136, -77.746353803",10120
"-6.29796969244, -77.6771663575",10104
"-6.17597398124, -77.7964045295",10121
"-6.15614501127, -77.8749791774",10108
"-6.12653479808, -78.1911941394",10505
"-6.10816094252, -77.6854906461",10117
"-6.08063389808, -77.869171342",10311
"-10.7011694919, -76.2465887272",190101
"-10.5527119905, -76.2283152144",190108
"-10.4795738934, -76.3925463813",190202
"-10.3408711164, -76.4172799738",190204
"-8.35837550385, -76.3977378217",221005
"-8.27741636246, -76.5462363132",221001
"-7.65207120999, -76.80913945",220602
"-7.29432859863, -76.5686720517",220204
"-7.06444665135, -76.6565084575",220406
"-7.02649385047, -76.4956693111",220206
"-6.99155537959, -76.7058137942",220403
"-6.97850920087, -76.4288522797",220706
"-7.22679216013, -77.9681835688",61007
"-7.2983095532, -78.3666469179",60106
"-13.9895901153, -73.5509681907",30206
"-14.419368169, -73.0945034802",30403
"-14.3229723228, -72.9801581216",30307
"-14.2910555229, -72.6773356408",30713
"-14.2942553193, -73.2292836062",30401
"-14.2313252575, -73.1598036025",30417
"-14.1756497892, -72.6062424649",30709
"-14.2260594684, -72.7577387514",30707
"-14.3325663438, -73.3582653313",30412
"-14.1259572465, -72.6604436773",30710
"-14.2960428416, -73.4785255169",30210
"-14.1173718409, -72.7746262911",30701
"-14.0786462597, -72.6362339363",30712
"-14.139931374, -72.5746997389",30706
"-14.0962804988, -73.4920982347",30211
"-14.0979375293, -73.2440329586",30407
"-13.9974263879, -72.9912887467",30102
"-13.7847877077, -73.0317318137",30107
"-6.93951615063, -78.0694932067",60305
"-7.2563429841, -78.821664375",60502
"-7.32766242051, -78.863398427",60506
"-7.27531159475, -78.949852016",60507
"-6.9759116547, -79.1624872618",61102
"-6.89137200603, -78.7487037679",61107
"-7.00851773358, -79.2477747919",61108
"-7.08601213214, -78.7857843502",61201
"-6.98753855794, -78.6762048112",61204
"-8.11258569079, -79.0238590889",130101
"-8.00104630326, -79.0585452981",130104
"-8.25359293406, -78.8994037776",130109
"-7.9183695748, -78.8270851334",130110
"-7.66089880461, -79.0820681884",130201
"-7.80497700664, -79.0082235365",130202
"-7.72873706327, -79.3021664675",130205
"-7.84872760724, -78.582110437",130601
"-7.69045452769, -78.4517382508",130605
"-8.35330369503, -78.7352552612",131201
"-8.12796551154, -77.9808114883",131004
"-6.05696468023, -78.0935157786",10520
"-6.20719940523, -77.3342252094",10612
"-6.00459367434, -78.0458068791",10518
"-5.99638868782, -77.8790594036",10309
"-5.99613253802, -77.7432040507",10102
"-5.88374674985, -78.052089155",10310
"-5.82360433687, -77.9592017998",10306
"-5.81751877399, -77.8107241958",10304
"-5.71731096228, -78.6112459364",10704
"-5.62263826358, -78.4739696775",10204
"-5.38043114766, -78.4483373822",10202
"-6.38533315492, -74.7295113102",160505
"-6.32702643751, -73.7507104043",160508
"-3.78227309811, -73.4326314367",160101
"-4.27912451494, -73.1148146434",160103
"-4.27492211676, -75.4846662463",160305
"-3.6774966753, -70.8361347615",160401
"-3.4327117783, -71.9646746097",160402
"-4.47746309401, -72.0331143036",160403
"-5.75171282541, -73.344436466",160511
"-6.93193005102, -75.0943127098",160606
"-4.7275964226, -77.5185118696",160703
"-7.25928174968, -77.3215754538",220603
"-6.96930293716, -77.0432954389",220604
"-6.88883849625, -76.8737539605",220401
"-6.08890186407, -77.1000937024",220103
"-6.78342256111, -76.2689700507",220704
"-6.81743258632, -76.1286175266",220710
"-6.61165135243, -76.7202348532",220301
"-6.62125836355, -76.3506792743",220908
"-6.47725901212, -76.2722677194",220909
"-6.50804787426, -76.4169957393",220910
"-6.39906025283, -76.5260419804",220501
"-6.40813284213, -76.5778508165",220509
"-6.38865034392, -76.6552378213",220510
"-6.31131377602, -76.7729484432",220502
"-6.27274273165, -77.0541424984",220105
"-6.15775119087, -76.712942475",220506
"-6.20374626467, -76.538562369",220508
"-5.76832541083, -77.1699048002",220101
"-5.74870712093, -77.6341466575",220805
"-6.12741096746, -78.9309468464",60602
"-12.2616369343, -76.3653202996",150713
"-11.9140806003, -76.5014098037",150717
"-11.718968603, -76.4690906614",150719
"-11.8197846868, -76.2189828479",150722
"-12.0867091501, -76.1966380546",150725
"-11.9780616838, -76.5284597245",150730
"-12.7664935936, -75.6728381105",151012
"-12.6902905293, -75.7360981401",151031
"-12.8875592348, -75.7704274289",151032
"-11.3464536297, -76.7610537145",150603
"-6.58558501491, -79.0363568143",61309
"-6.73982967053, -79.8425872766",140105
"-6.23120472577, -79.3871260586",140203
"-6.71639249456, -79.7725775674",140111
"-6.79943333042, -79.9035375985",140112
"-6.7817538872, -79.7590375825",140118
"-6.79462920259, -79.5137262547",140119
"-6.62050180317, -79.7911632795",140201
"-6.62989787975, -79.8244314908",140206
"-6.67395784729, -79.9328976163",140301
"-6.5628193315, -79.8875151121",140305
"-6.76605963038, -79.9369149137",140311
"-6.50330862013, -79.8762753274",140312
"-6.68551917642, -78.7076814974",60702
"-4.83829981961, -80.6832530866",200608
"-5.91946876249, -80.6604774584",200801
"-5.30899082575, -80.7625713371",200109
"-13.7440844282, -75.8179854907",110503
"-13.6468601048, -76.0129967547",110504
"-17.3837602711, -70.5709798071",230302
"-17.8035161755, -70.9329951453",230303
"-17.2292211754, -71.0612372747",180101
"-17.1566784516, -70.8526004078",180104
"-16.6633973295, -70.6446532952",180105
"-16.9981190442, -70.7383213374",180106
"-16.6466473274, -70.9629954573",180201
"-16.4570196196, -70.5712518191",180202
"-16.1882307942, -70.4947181066",180204
"-17.9570154522, -70.6676980665",230109
"-17.0419322251, -70.2478566082",230201
"-17.3941320557, -70.333878019",230204
"-17.8333560868, -70.278895919",230102
"-7.35019744094, -79.5470908418",130703
"-7.36981082284, -79.3856709871",130705
"-8.12440738373, -77.3827555524",130802
"-8.16083270321, -77.520896839",130803
"-8.43914776739, -77.2681947173",130804
"-7.57668497424, -79.1949417302",130208
"-7.5615634866, -77.5975524238",130303
"-7.05649072848, -77.9101186427",130304
"-7.15323377282, -77.8505971104",130306
"-8.03289551674, -78.6362747403",130611
"-7.48357163078, -79.4048785917",130701
"-8.5598939499, -78.5064136854",131202
"-7.82673345932, -78.0460792301",130901
"-8.34914027599, -78.2446123387",131001
"-10.5861738861, -73.4365950838",250201
"-9.97143690744, -73.8269401957",250203
"-9.44298791367, -74.1372239891",250103
"-8.82493349566, -75.0479831451",250305
"-8.95050762848, -75.2799078205",250302
"-8.9559122942, -73.6865428213",250104
"-8.6413014233, -75.0490320513",250304
"-8.53843086463, -74.5091638823",250107
"-7.9650521055, -74.1601912672",250101
"-7.32915847054, -78.1712484047",61001
"-6.91989554313, -78.1587747201",60306
"-12.5479207965, -74.9353060404",90111
"-10.2469428869, -77.4107731566",20510
"-15.6163735273, -72.5669024362",40414
"-15.6746396599, -71.9594109174",40503
"-16.0530327788, -73.5382776399",40303
"-15.5406472544, -73.4317580367",40306
"-15.824856479, -73.9451650806",40308
"-16.6419870027, -71.3574226988",40114
"-5.04853532606, -80.7884238509",200606
"-4.82550387478, -80.5461528069",200601
"-5.06546281377, -80.9131599039",200505
"-16.2930857115, -69.1805682336",211304
"-16.0958288275, -69.5086229084",210503
"-16.08027615, -70.3023604225",210113
"-16.2402084124, -69.6780856122",210501
"-14.7379204786, -71.2226636837",80808
"-13.9217602249, -75.875777144",110108
"-13.8820628417, -75.6124134639",110109
"-13.4657228107, -72.2466193703",80309
"-13.5643066449, -71.6764485333",81102
"-12.912033641, -74.2114537189",50401
"-12.5314939118, -74.3053631401",50402
"-12.603824201, -73.9964474994",50407
"-13.2393806683, -73.8910041281",50506
"-12.1771180917, -74.5039738402",90718
"-12.0566576972, -74.5458128707",90707
"-12.4126821799, -75.0117600365",90702
"-13.6535442795, -75.3927504042",90601
"-13.5386390085, -75.4060134827",90609
"-13.409545632, -74.9462022248",90607
"-14.0246553019, -73.3137272468",30416
"-2.99371921116, -73.7521533435",160106
"-5.73762657304, -76.586618181",160202
"-5.03894572276, -74.8635630456",160302
"-3.19632349973, -75.8368781523",160304
"-2.46882935763, -72.7839101588",160801
"-1.38887984302, -74.8928947375",160110
"-3.81159848866, -73.211977827",160112
"-0.655314747835, -74.7316149785",160803
"-5.845879927, -76.1615819603",160201
"-5.78648012141, -79.3102148403",60810
"-17.6237011036, -70.0251115519",230403
"-9.70646496248, -77.4474301891",21701
"-9.16329120058, -78.1239712816",21805
"-9.99675481003, -76.3305286118",100107
"-13.6652521854, -73.1624793539",30207
"-13.5895653192, -72.0871067901",80102
"-10.1781712648, -77.1792370892",20501
"-11.5942167079, -75.3392730069",120418
"-11.6654986427, -75.0489858216",120206
"-11.632890512, -75.6891760158",120426
"-12.5133219675, -69.923348609",170104
"-12.003689757, -69.5393094694",170103
"-11.6796308722, -69.5319944305",170303
"-11.435093654, -69.6792725153",170302
"-12.4298170936, -76.6299425206",150505
"-13.7819471763, -75.2807748592",90611
"-6.93129391761, -79.370808932",140109
"-15.4830667533, -71.5976135152",40518
"-16.352850816, -72.2963698702",40520
"-16.0433802066, -72.7208598976",40601
"-15.8525307766, -72.8439524754",40602
"-15.4061671339, -72.6974434801",40607
"-15.7507677635, -72.4996836259",40411
"-5.02407797752, -79.3657181949",200303
"-15.0189301739, -69.7996162366",210603
"-15.0299953413, -70.3227287983",210207
"-13.4942259635, -74.2256614943",50203
"-13.5537107918, -74.0136910864",51108
"-13.4931307113, -74.4362054181",50202
"-5.83884192879, -78.4399998329",10701
"-10.5357745737, -76.4479921721",190208
"-10.5629051884, -76.5724465417",190201
"-10.6504221042, -75.3708211419",190301
"-10.6341978955, -75.1759141292",190307
"-10.3904930522, -75.6386673998",190303
"-10.1327185127, -75.5862719412",190305
"-11.0927777245, -77.6069515185",150805
"-12.7662258592, -75.7479684802",151006
"-11.4013131899, -76.5023985978",150404
"-8.52056708932, -74.8455071414",250102
"-8.16313254805, -75.0147672818",250106
"-5.64770489666, -78.3997567069",10203
"-15.3867619194, -74.9351417037",40311
"-15.6335217512, -74.4287684195",40313
"-16.0272374849, -72.5682329026",40401
"-16.0124011753, -72.3681869262",40407
"-7.03804176283, -79.0033169689",61105
"-6.9267153943, -79.1314315422",61109
"-6.82375627951, -79.8611471889",140106
"-6.88714215924, -79.6379965943",140115
"-10.7776031546, -76.9271501653",150902
"-10.8571667568, -77.0466439971",150905
"-10.2032437486, -77.4998683094",20503
"-10.3018661213, -77.1062888668",20511
"-10.2389241417, -77.0034119283",20513
"-10.291529226, -77.2098536041",20514
"-8.50803281313, -77.8834851725",20902
"-15.7570886661, -72.3831463038",40412
"-16.0064310514, -71.8279663222",40508
"-15.5861916615, -71.7053082813",40509
"-17.0357349357, -71.878635287",40705
"-15.1674845618, -72.7118670538",40802
"-15.2108698297, -73.0487833429",40803
"-14.8749618619, -72.7614806463",40804
"-14.9895726042, -72.9302205529",40805
"-14.938960291, -72.5471817606",40806
"-15.521168422, -71.2484257961",40504
"-16.522827373, -72.1441211402",40121
"-16.46345039, -71.5989876399",40123
"-16.4609305368, -71.6905392643",40124
"-16.6135207969, -71.5498749868",40127
"-16.1309425275, -71.6063453715",40128
"-16.7007721947, -72.3519148668",40207
"-16.6013389241, -72.6524477123",40208
"-16.3044668084, -71.5765987972",40104
"-16.504079477, -71.4738453938",40111
"-16.4482624525, -71.4602312179",40116
"-16.4050588654, -72.1634222578",40118
"-16.3309616337, -71.4858577147",40102
"-16.4587024437, -71.5626129326",40107
"-16.394744811, -71.5504057829",40126
"-13.4888456903, -72.8140025603",30108
"-13.4760915864, -72.9752900614",30105
"-13.6275050761, -73.4530283229",30216
"-13.5442998268, -73.6692713985",30602
"-5.26448516576, -79.9250473328",200402
"-5.17202312492, -79.6648825663",200305
"-5.15272124881, -79.9983924445",200405
"-5.1565129803, -79.769535452",200410
"-5.12169600848, -80.1944091858",200401
"-5.13095183261, -80.5151818243",200104
"-5.16720016712, -81.0554208192",200501
"-4.78361672168, -79.9892945308",200208
"-4.72609173479, -80.604267508",200607
"-4.53182024478, -79.831694943",200203
"-4.573016962, -79.7775026481",200209
"-4.29150873186, -81.0801505268",200702
"-5.16138475781, -80.6965420141",200115
"-12.9094027307, -73.4779305856",80913
"-12.2359226038, -74.4578173305",90721
"-12.2023402195, -74.186567944",120609
"-12.1815832042, -74.9332818956",90722
"-8.56475989458, -76.0647641906",100607
"-8.88044017119, -76.3634448496",100704
"-13.2300068431, -73.5704051164",50505
"-12.3175709826, -74.8869536729",90723
"-8.98489679417, -75.9829686237",100610
"-9.13939647663, -75.8754019548",100603
"-15.8309182493, -71.0974879615",40514
"-16.7216020294, -69.2480154437",210404
"-16.6201516426, -69.080280321",210402
"-16.3713327492, -69.0730606944",211303
"-16.2246152065, -68.9654273344",211307
"-16.2359269856, -68.9969556439",211305
"-15.2760923938, -69.295634898",210903
"-15.9236809584, -70.2714316331",210114
"-15.678457107, -70.1570530429",210104
"-15.6428810396, -70.2798287142",211102
"-15.5615467828, -69.9237547185",210107
"-15.6404258384, -69.824473719",210105
"-15.4493046995, -69.4120435564",210902
"-15.3508017986, -69.4476079779",210901
"-15.2095105228, -69.4874290289",210606
"-15.1832084084, -69.8090212315",210601
"-15.2183559674, -70.2912183513",210704
"-15.2993211336, -70.6093869941",210706
"-15.1749602982, -70.6503483135",210710
"-15.0183872601, -69.9142547666",211003
"-15.0081757839, -69.3931766575",210602
"-14.9874655926, -70.9270808758",210804
"-14.9223738796, -70.383779598",210215
"-14.7091689826, -69.8344865325",211001
"-14.880957465, -70.1492220434",210201
"-14.7408064642, -70.3538221253",210204
"-14.711421394, -70.9321805843",210805
"-14.6924864998, -69.5049866843",211002
"-14.5226211907, -70.2566966143",210211
"-14.6911550235, -70.1786618256",210212
"-14.5238140748, -69.5576680055",211202
"-14.511449346, -69.240029523",211005
"-14.3311418177, -69.1270554713",211208
"-14.1939651607, -69.1004550262",211207
"-14.0678728626, -69.5850456844",211205
"-14.056176607, -70.4701527827",210301
"-13.9236343622, -70.7051543957",210305
"-13.829641524, -70.1160944731",210307
"-15.3617648919, -71.5459516885",40515
"-15.2126999111, -71.3922655803",40517
"-8.88971699109, -77.4662786742",21602
"-9.61397583259, -76.9032702213",100501
"-9.43721151329, -76.7550439021",100503
"-9.24065626312, -75.9532252684",100605
"-10.3289356316, -76.1263363825",100207
"-11.5310047922, -73.8144352005",120608
"-10.9139336057, -76.0209879899",120502
"-9.91121226279, -77.3170577443",21702
"-10.057731768, -77.5146889874",21704
"-10.0742219043, -77.4543415835",21706
"-10.1192145951, -77.6538170808",21708
"-10.002753297, -77.5398865055",21709
"-9.19229939585, -77.6501348105",22003
"-9.02411579051, -77.4980546167",22008
"-8.88969265855, -77.894017856",21204
"-8.86212101355, -77.3532342195",21301
"-8.78492107618, -77.2772026442",21304
"-8.89303282696, -77.3245637447",21308
"-8.40387561892, -77.9593181029",21501
"-9.51012063808, -78.3552405508",20803
"-9.25703054376, -77.1314092793",21003
"-10.3209141046, -77.2400390326",21403
"-10.5034721129, -77.2248288774",21404
"-10.379112496, -77.2144459086",21407
"-10.4156641512, -77.2284331619",21408
"-8.87759672674, -78.4011158452",21801
"-8.46775626173, -77.4435212671",21903
"-10.9658662782, -76.9718375706",150808
"-11.1458636307, -77.2338038419",150811
"-10.9501922865, -77.6041162885",150812
"-10.66939884, -76.7577218794",150901
"-10.837864359, -76.7975538678",150906
"-10.6233603003, -77.6859584962",150203
"-7.07747708863, -78.5611041364",60101
"-6.224066509, -78.7422814594",60608
"-6.25794975766, -78.8427228612",60612
"-6.4876969851, -78.2855215194",60303
"-6.4250805525, -78.7080371165",60404
"-6.45683607426, -79.3759848363",60418
"-5.30755234438, -78.8824544595",60902
"-5.38963562124, -78.9734843094",60904
"-5.10728307114, -79.180983437",60905
"-5.5646739795, -78.7426261245",60802
"-5.77018429266, -78.852553109",60801
"-5.60492696904, -78.9058564487",60805
"-5.98798890737, -78.692424665",60615
"-3.55366064722, -80.4161727295",240101
"-3.90593811565, -80.5109128934",240105
"-3.81638439307, -80.7043190415",240201
"-3.49151620454, -80.2424451452",240302
"-3.57206508895, -80.2887578092",240304
"-6.82830310912, -78.3256281293",60304
"-6.75273467315, -78.6002541397",60703
"-6.65103216318, -78.2653359849",60307
"-6.70880308546, -78.2860853237",60312
"-6.44369579651, -78.9704036419",60409
"-6.39835087767, -78.5557095355",60417
"-6.51761020088, -78.4952396402",60419
"-6.78816631091, -78.8335499813",61112
"-6.74935948216, -79.0769035273",61303
"-6.55596131696, -78.8779382644",61304
"-6.74656574241, -78.9211597453",61307
"-6.68286029989, -78.9084687402",61308
"-12.0780894556, -77.0482420569",150113
"-12.0857698775, -77.0356913423",150116
"-12.0750804611, -77.0657891347",150121
"-11.9459474278, -76.9714642367",150132
"-12.0723184628, -77.0173714881",150115
"-11.8543385226, -77.1205559213",70107
"-6.93489422614, -77.8950705087",10106
"-10.0403840107, -76.2812483543",100111
"-9.81053307867, -76.8436912232",100317
"-9.75051594502, -76.8097734319",100321
"-9.86463188694, -76.6493218971",101102
"-9.71624268525, -76.5768698941",101104
"-9.87516885426, -76.5090843395",101105
"-9.9118168783, -76.571825398",101108
"-9.61537286082, -76.1107589102",100103
"-9.57602463962, -76.6872730205",100316
"-10.2443982998, -76.4643578149",100203
"-10.1953034764, -76.2696043374",100205
"-9.8269289773, -76.6813197556",101106
"-10.218531594, -76.7555787765",101001
"-10.0354743777, -76.6563208997",101003
"-9.28893344327, -74.9668405448",100901
"-9.39440038201, -76.0310356204",100606
"-8.9144071483, -77.0007544269",100404
"-8.93244828065, -76.1778384641",100604
"-7.30260249309, -75.7697097135",160604
"-7.82211056329, -76.2741226192",220202
"-13.6115546129, -73.7478503052",30603
"-13.6358417479, -72.8716118414",30101
"-13.8606811013, -72.019423991",81003
"-13.6988093806, -72.079212895",81005
"-14.139709931, -71.7863405438",81006
"-14.3338730467, -71.6463321565",80705
"-13.6878742407, -71.5991388851",81201
"-13.6657692505, -71.700323991",81202
"-13.8931513123, -71.6724775444",80201
"-13.787630277, -71.7654018293",80206
"-13.953936742, -71.5707662654",80207
"-13.9392971423, -71.7302437007",80203
"-15.3331747649, -73.9844927281",50705
"-15.1484683027, -73.4496746812",50804
"-15.1470872855, -74.1584136811",50619
"-14.8157595986, -73.6993401989",50701
"-11.1488559118, -76.7728174877",150612
"-12.3654601692, -76.0422952569",151004
"-12.2858369844, -76.1956994681",151010
"-12.2458291618, -76.1055249298",151026
"-12.1320399131, -75.9913298953",151028
"-12.1639275955, -75.7068291596",151030
"-12.0702891545, -77.1161377264",70104
"-12.0474746014, -75.2542689107",120125
"-12.1140157981, -75.2458530644",120908
"-11.702568503, -77.0958901385",150102
"-12.0326633173, -76.8773255404",150103
"-11.9916404851, -76.7669698029",150107
"-12.1703036671, -76.9189970296",150143
"-7.50279410045, -78.9623270782",60505
"-9.15101580774, -76.8846090786",21010
"-9.3474512468, -76.9849010131",21011
"-9.46657774172, -76.9823416603",21015
"-9.19112698938, -76.931541229",21016
"-10.1738794151, -77.9186384659",21101
"-9.92103606297, -77.6647274401",21105
"-10.1139294307, -77.0315388981",20509
"-9.22352581242, -77.6448838283",20603
"-9.3610361697, -77.6324303027",20604
"-9.46607073781, -77.8515620892",20102
"-9.44132971718, -77.6038385179",20106
"-9.62185234504, -77.3716444899",20108
"-9.64574283192, -77.9103120862",20109
"-9.52096317523, -77.6939772921",20111
"-9.80042156319, -77.5676294715",20201
"-11.8691442691, -75.4313806973",120413
"-11.8384183661, -75.4376549432",120420
"-11.8387402031, -75.2817782027",120207
"-11.8212780889, -75.4806023835",120409
"-11.8386673948, -75.3785260388",120428
"-11.7958385958, -75.514276477",120434
"-11.8547698559, -74.6936127391",120135
"-11.7475124949, -75.4990280204",120424
"-11.7604504538, -75.5677471602",120415
"-11.6200665351, -75.1413624455",120205
"-11.5890550126, -75.1053399325",120209
"-11.5600321448, -75.4575212209",120427
"-11.4629467285, -74.6489923872",120603
"-11.4085687682, -75.2310701721",120419
"-11.7916004031, -74.3665985431",120606
"-11.270192423, -75.7778263808",120707
"-11.1234167312, -75.7857819665",120708
"-11.1980488959, -76.364850958",120807
"-11.7926532567, -75.4832910947",120430
"-11.7189232084, -75.4893059008",120429
"-12.6534750483, -76.6016686377",150509
"-11.8161478008, -76.3794308044",150701
"-12.1565294654, -76.4569193084",150706
"-11.5611433933, -76.4436520139",150708
"-12.0765460299, -76.7774599698",150109
"-12.2343483538, -76.8015572686",150119
"-14.9327983081, -74.545803543",50621
"-14.8836475949, -73.5296471582",50708
"-14.7782792362, -73.164268546",50703
"-14.4874502905, -74.3044063544",50611
"-14.46581922, -73.9817855372",50604
"-14.3621379192, -74.0775044353",50603
"-14.2499744492, -74.7662297625",50608
"-14.2913077379, -74.4942605191",50618
"-14.1664029525, -74.9936623792",50607
"-14.0874774228, -73.6533807659",50910
"-14.001017057, -74.559734805",50301
"-13.8509548354, -73.7526061398",50903
"-13.8062371172, -73.8674024708",51102
"-13.8043146482, -73.7672577386",50902
"-13.8120596729, -74.3034382174",50302
"-13.7443086601, -73.8879092505",51105
"-13.7160784544, -74.275716392",51008
"-13.8046585839, -74.0898406713",51001
"-13.7394384911, -73.7820669171",51103
"-13.7010217856, -73.7503468314",51107
"-13.655701443, -73.8963210615",51101
"-13.6655360038, -74.2104506966",51002
"-13.652381306, -74.6431840501",51012
"-13.7266858821, -71.8557017954",81001
"-14.5490043269, -71.8491635586",80708
"-15.3007847633, -71.0740422031",80802
"-14.1418040619, -71.4465582306",80506
"-13.7553194818, -71.6724000327",81207
"-14.9253374921, -71.3528899122",80801
"-14.757195221, -71.6353792319",80803
"-14.0553970467, -74.8922761195",90614
"-14.0115592014, -75.1519738808",90603
"-13.9060115129, -75.0572738102",90605
"-13.5548801372, -75.311746851",90604
"-14.8570348626, -75.0368859494",110301
"-15.1424220545, -75.0693434865",110304
"-14.1503922339, -75.1609356056",110405
"-14.010780416, -75.6733422537",110102
"-14.056866274, -75.700446869",110106
"-14.5107476858, -75.5152730479",110111
"-13.4972931614, -73.3885773313",30202
"-13.4153216029, -73.6506634241",30606
"-13.4751052635, -72.4455264046",80306
"-13.4846822136, -72.0936319919",80308
"-13.5109986811, -71.6311427738",81105
"-13.268722216, -71.9577770747",80401
"-13.3418924969, -72.0498099885",81303
"-13.5019173342, -72.0423001471",80103
"-13.5530041065, -71.8317561576",80107
"-12.5071220355, -72.445070203",80906
"-12.7956971357, -72.1050860429",80408
"-12.6148820707, -73.6382239156",80907
"-13.6129307698, -72.2715519904",80304
"-13.5421022252, -73.8804081439",51104
"-13.5997351281, -74.1100726767",50201
"-13.5680637691, -74.2756629009",50204
"-13.4607689167, -74.7195767064",50205
"-13.0613914799, -74.1345373999",50108
"-13.0531883864, -74.2326894319",50107
"-13.301373188, -71.4640607317",81101
"-13.402415678, -71.9153273265",80402
"-13.6397992652, -70.9126788078",81209
"-13.2721388336, -75.6885024889",90410
"-13.1536663424, -75.2913802344",90401
"-13.2147113912, -75.483404487",90407
"-13.1089468571, -75.6825043542",90408
"-13.0655212383, -74.4306677957",90310
"-13.012517299, -74.4309538479",90309
"-12.9235699923, -74.6710838969",90308
"-12.861571456, -74.5200152269",90207
"-12.8785731439, -74.6245409363",90303
"-12.8628485416, -75.0086415045",90101
"-12.8171787691, -74.8290157583",90117
"-12.8284340584, -75.1866180115",90118
"-12.7230618034, -74.7273884693",90206
"-12.7423267243, -74.5999403277",90208
"-12.6611878053, -74.6549277025",90202
"-12.6695814123, -74.979137146",90114
"-12.7040921879, -75.3712733076",90102
"-12.6272857517, -75.0136089481",90119
"-12.7077473511, -75.1392432576",90113
"-12.5532460318, -75.0802488315",90109
"-12.4963449055, -75.0135551762",90108
"-12.4637791677, -75.1317699926",90112
"-12.4014726904, -75.1829661304",90107
"-12.4136140933, -75.0889915053",90115
"-12.4513653722, -74.8516899757",90701
"-12.4441552174, -74.9061588826",90704
"-12.2215692743, -75.0262527528",90711
"-12.7114298814, -74.4974078585",90504
"-12.5691452616, -74.5261939091",90507
"-12.7878914468, -74.4100038501",90508
"-12.6073440212, -74.4002347716",90509
"-12.7173561993, -74.45471843",90506
"-13.3115867341, -76.1674329287",110206
"-13.224714009, -75.814320586",110208
"-13.0786168993, -75.7283693941",110209
"-13.4603423724, -76.1834154467",110211
"-12.1801997636, -75.100514813",120126
"-11.9288009765, -75.3517500644",120211
"-11.9374098094, -75.2863739745",120130
"-11.8822453887, -75.1661565118",120128
"-12.3142306098, -75.1912342313",120112
"-12.160532417, -75.2276761357",120136
"-12.1344100401, -75.2220665567",120121
"-12.2536887649, -75.4738053763",120909
"-12.1193467845, -75.3015957129",120906
"-12.0790510528, -75.1831548191",120107
"-12.0762533674, -75.5726811876",120214
"-12.0796255454, -75.2487673625",120905
"-6.56905877437, -77.8924768331",10521
"-6.62697256825, -78.0153739435",10503
"-6.50359392358, -77.7843966061",10109
"-6.47474539407, -78.0862817855",10514
"-6.48274351511, -77.8917562468",10519
"-6.49656478679, -77.9607965311",10511
"-6.35104432661, -77.5660897365",10606
"-6.40540738523, -77.3544311786",10609
"-6.345784379, -78.1639927721",10513
"-6.24810219648, -78.0285675775",10506
"-6.29166405892, -77.4851147873",10607
"-6.24774300433, -77.8564880125",10101
"-6.15646600272, -77.9811346338",10523
"-6.22180623098, -78.2168579927",10512
"-6.21244106241, -77.6072531741",10114
"-6.11987991057, -77.9435589526",10501
"-6.08408133588, -77.963362232",10516
"-6.0999811889, -77.5765830025",10107
"-6.0782076986, -77.7558658801",10105
"-10.863968256, -76.233232789",190112
"-10.7920364838, -76.060196118",190105
"-10.758892658, -75.7734270451",190107
"-10.6434323834, -76.1942775702",190113
"-10.4867472372, -76.4039621148",190203
"-10.4221567688, -76.2514612417",190106
"-10.4189600883, -76.4682456858",190207
"-8.42326215469, -76.8767030774",221004
"-7.0141380268, -76.8341702703",220404
"-6.99102390668, -76.6006081151",220201
"-7.44124495679, -78.1433991817",61003
"-13.9034964698, -73.1344839141",30415
"-13.9621482231, -73.6030130453",30214
"-14.5586108444, -72.9083883011",30304
"-14.517996586, -72.7501193708",30301
"-14.3402711712, -72.7866883793",30303
"-14.2240115801, -73.0876777877",30410
"-14.4359923511, -72.523126058",30305
"-14.2320039983, -72.6370454155",30711
"-14.2190058326, -72.9791216557",30306
"-14.1578089644, -73.0352162706",30302
"-14.1155992304, -73.3538551995",30402
"-13.9692352765, -73.4581996429",30217
"-13.9170708427, -72.2129156785",30501
"-13.8849874641, -73.1938205884",30411
"-13.8306652458, -72.5596704208",30703
"-13.9741942032, -72.8915213186",30103
"-13.7696234058, -73.5471996764",30205
"-7.27201892003, -78.2594776062",60110
"-7.01875225518, -78.1713104097",60310
"-7.33474923777, -78.73680482",60501
"-7.2776219755, -79.1691386554",60508
"-6.86887951212, -79.1488330551",61106
"-7.11890834474, -79.0541973457",61113
"-7.93982794211, -77.8800919802",130907
"-7.61269735008, -77.7661508999",130908
"-8.15917615126, -79.0001114886",130107
"-8.03527237777, -78.7540100772",130108
"-7.7905006552, -79.2265467078",130203
"-7.85520577485, -79.2999163774",130204
"-7.68684259537, -79.3715533691",130206
"-7.80866035006, -78.4738252897",130604
"-8.03421875915, -78.5338048967",130608
"-7.50150830184, -78.7639613663",131101
"-7.66252992227, -78.7015063143",131103
"-7.56789970669, -78.4317253374",131104
"-8.01728182699, -78.0643559547",131003
"-8.18829981293, -78.0956743263",131007
"-6.06347199659, -78.410673292",10706
"-6.00779655217, -77.9303638743",10303
"-5.94537389736, -78.0234317792",10307
"-5.95174280364, -77.8256583611",10301
"-5.91114537432, -77.9147927248",10305
"-5.59197827258, -78.4454061605",10206
"-4.16853813289, -78.3358932899",10402
"-6.81833930423, -74.1894361883",160502
"-6.20137531847, -74.4540463436",160504
"-5.64473068796, -74.8863706211",160506
"-3.36163918327, -74.2855205293",160102
"-3.86675834937, -71.3389666823",160404
"-5.32824080721, -73.8823435092",160501
"-5.99203134621, -73.9935424072",160509
"-4.99617085436, -73.6983477474",160510
"-5.24009777148, -76.8557284947",160702
"-3.67912239604, -77.3734689045",160704
"-4.27660777496, -76.6377392601",160705
"-6.39933913467, -76.3820897301",220912
"-6.84023301605, -76.3630463055",220705
"-6.83887049661, -76.5865247964",220205
"-6.70275954762, -76.2046188508",220913
"-6.58829599542, -76.2132673936",220914
"-6.42328605746, -76.8373409468",220303
"-6.49420754283, -76.369643648",220901
"-6.44375616636, -76.4725723596",220507
"-6.4340320883, -75.6668363246",220905
"-6.24280453781, -75.6382111716",220911
"-6.07868836867, -77.209895329",220801
"-6.04638888252, -77.2972963254",220803
"-5.94435715193, -77.3722452408",220804
"-5.98282040598, -77.1721679009",220806
"-5.96378246594, -77.0663736034",220106
"-5.93538675612, -77.2327670863",220809
"-5.8591884098, -77.4365073086",220802
"-12.1592795127, -76.3756797191",150711
"-11.5851826178, -76.5317035478",150712
"-11.9880608676, -76.4580386573",150715
"-11.8166491154, -76.7735595825",150716
"-11.9644709751, -76.3329899087",150718
"-11.9929248289, -76.1569898199",150720
"-12.1089447781, -76.1188549544",150721
"-11.7650407967, -76.5551227246",150724
"-11.925969792, -76.5607700617",150727
"-11.858350427, -76.6489914203",150728
"-11.8771122585, -76.4453579441",150732
"-11.6407122447, -76.6751049057",150402
"-13.0193333403, -76.1173823876",150508
"-12.897902258, -76.0704285024",150511
"-12.8298665497, -76.0140629517",150516
"-11.1872834957, -76.9608768021",150606
"-6.61470054695, -78.7905379609",61310
"-5.32434378905, -79.2151249431",60907
"-6.06024181073, -79.3047235868",140202
"-6.70893120102, -79.5857542899",140117
"-6.63533251328, -79.6828302245",140204
"-6.15523249155, -79.6135902662",140302
"-6.50615032633, -80.1790002415",140306
"-4.83843400267, -81.1072997361",200507
"-5.69470403619, -79.5612201453",200304
"-5.53519054786, -80.6410278466",200804
"-5.48207966755, -80.7743550375",200806
"-5.42651704889, -80.7428993328",200802
"-5.42463169998, -79.6050802361",200306
"-5.43705456076, -79.8277046787",200406
"-5.43862319196, -80.8745439868",200805
"-5.29589195535, -79.741242592",200407
"-14.0481568646, -75.8932385785",110112
"-14.1515535913, -75.7032582482",110113
"-14.1006818451, -75.4341522229",110114
"-14.2138564606, -75.9066563702",110101
"-14.0470631056, -76.1577528384",110505
"-16.7284305799, -70.3714155556",180102
"-16.7686536724, -70.6676286219",180103
"-16.5286762001, -70.8365561715",180207
"-16.2174614726, -70.8051568949",180210
"-16.2276085536, -70.6600162682",180211
"-17.7141282949, -71.2169898005",180301
"-17.5830360757, -71.1415317996",180302
"-17.4394508451, -71.3594362766",180303
"-17.6811648102, -70.4235652614",230105
"-18.1076693532, -70.2409451603",230110
"-17.18782902, -70.340823367",230202
"-17.3085360239, -70.3304636173",230205
"-17.3347529509, -69.9635994977",230408
"-8.12034236984, -78.3807799021",130502
"-8.14657722628, -78.5820152524",130503
"-8.26159015644, -78.4405302161",130504
"-7.39980627264, -79.5478074004",130704
"-8.31424759078, -77.2563529645",130801
"-8.19040476686, -77.2937068124",130805
"-8.03494391592, -77.5922415519",130806
"-7.46463607512, -77.688339767",130302
"-7.02610065887, -77.8058860098",130305
"-7.88841109994, -78.6989089943",130610
"-7.75449188887, -78.779191973",130613
"-8.1052642529, -78.85509025",130106
"-7.82158853462, -77.6960827397",130903
"-8.32818184837, -77.3755566732",130813
"-7.68491409966, -77.9416838945",130905
"-10.3734950996, -71.5823157048",250401
"-8.89860998311, -75.6259548211",250301
"-8.41737993718, -75.297112896",250303
"-8.24848101259, -74.6566903576",250105
"-7.40608244471, -78.0597912649",61005
"-6.98522041196, -78.4029203885",60105
"-7.05929467094, -78.061343641",60308
"-6.93421575382, -78.2971832825",60309
"-12.1926462918, -77.0059862868",150108
"-11.7740854362, -75.491137534",120401
"-17.0980028517, -71.8294183428",40703
"-15.6400945836, -71.5501476801",40501
"-15.1516894374, -71.7966151105",40505
"-15.3249820755, -73.2453333076",40808
"-15.8291785496, -73.3318178743",40301
"-15.6892008654, -74.3036795322",40304
"-15.7695009658, -74.1897429883",40307
"-15.5557413578, -74.0628268095",40309
"-4.89957308015, -81.0300369215",200503
"-16.3566601267, -69.2882221842",210406
"-16.2398956117, -70.1584592928",210111
"-15.9809689175, -69.8602637745",210112
"-14.124513803, -75.6758085427",110107
"-12.860810717, -74.2744318942",50405
"-12.7646248054, -73.789299903",50507
"-12.4444380456, -74.0825440591",50408
"-12.8602985341, -73.7207426521",50509
"-13.6003781244, -71.5057630386",81205
"-13.4925399205, -71.9876227864",80101
"-13.5897163221, -75.1762618212",90616
"-14.1027799125, -72.5320377049",30714
"-13.9688785608, -72.6498192775",30702
"-13.9664909369, -72.4958242012",30704
"-3.8291591075, -72.8563333859",160104
"-3.56836706822, -72.5289215555",160105
"-2.09911988462, -74.4071350359",160107
"-5.29686019893, -76.2049797637",160205
"-5.98771172807, -75.8220446506",160211
"-3.53867544252, -73.4544452975",160108
"-4.14906484373, -73.6658988071",160113
"-3.27440541605, -76.6724137761",160706
"-5.63634222274, -78.8495901597",60806
"-17.3328756257, -70.2568195786",230206
"-17.3770325, -69.7513555512",230401
"-17.6125213409, -70.1138482397",230404
"-17.3945685597, -70.1533889881",230405
"-17.2245656965, -70.0466772332",230406
"-7.22852728867, -79.3538432032",130401
"-7.19224720736, -79.5862904099",130403
"-9.73783260242, -77.3922846868",21710
"-8.08242952685, -79.0214094749",130103
"-6.07089704871, -78.768291558",60606
"-13.6568631112, -73.0283086966",30204
"-12.0485799229, -70.2845917498",170101
"-11.8504040027, -71.6346626515",170202
"-13.6433682306, -69.8974819826",210304
"-13.7784290483, -69.6074327792",211203
"-13.5486344946, -69.1479904882",211210
"-13.5010841914, -70.2435379716",210303
"-13.5240516446, -70.3948706258",210309
"-12.5842703315, -75.8459805486",151011
"-13.1719373097, -76.2575670024",150501
"-6.86348243662, -79.7941928799",140113
"-15.0147132382, -72.2891387826",40603
"-15.5345118479, -72.9457381239",40604
"-15.8808797549, -73.1266316817",40606
"-5.12578402901, -79.8756180388",200408
"-15.5574656667, -70.0879014815",211104
"-15.0008608796, -69.6446092148",210604
"-6.45523417683, -77.4584164433",10610
"-6.31429722169, -77.8645537628",10111
"-10.4788313272, -76.3232547042",190206
"-10.6233129068, -75.5063392448",190302
"-10.2343589434, -75.2761411859",190304
"-10.5742522515, -75.7854876405",190102
"-13.8092551152, -73.3239637109",30220
"-8.01473867198, -78.2511132174",131006
"-11.5503470618, -76.8438184378",150403
"-11.4405029442, -76.6629385933",150406
"-11.6710382041, -76.8431480943",150407
"-7.99323972716, -77.5098471601",130808
"-7.8936784684, -77.4874498136",130810
"-8.42706602853, -77.371474161",130811
"-8.2794410507, -77.4331606857",130812
"-5.52432929313, -77.8605490277",10312
"-6.01199768484, -78.523367636",10707
"-15.4850465709, -72.3768176137",40402
"-15.4141378291, -72.0687548294",40406
"-12.010572951, -76.9355515652",150144
"-9.0595888, -75.6358883", 250307
"-8.9788611111, -75.44525", 250306
"-12.323649, -73.9403782", 80918
"-12.6386111111, -73.2038888888", 80915
"-12.7922921, -73.6223687", 80917
"-12.9324732, -73.5316443", 50512
"-8.3475632, -76.3873306", 221006
"-12.8079291, -73.6037327", 80916
"-12.8248664, -73.5920329", 50513